               epoch,      train/box_loss,      train/obj_loss,      train/cls_loss,   metrics/precision,      metrics/recall,     metrics/mAP_0.5,metrics/mAP_0.5:0.95,        val/box_loss,        val/obj_loss,        val/cls_loss,               x/lr0,               x/lr1,               x/lr2
                   0,             0.12448,             0.03379,            0.026834,           0.0015687,            0.024585,          0.00068735,          0.00017337,             0.11786,            0.038658,            0.027955,             0.00015,             0.00015,             0.09865
                   1,             0.11573,            0.032017,            0.023179,           0.0026888,            0.062321,           0.0014061,          0.00038476,             0.10829,            0.040411,            0.026499,          0.00030999,          0.00030999,             0.09721
                   2,             0.10551,            0.034102,            0.019726,           0.0086215,            0.028302,           0.0044402,           0.0010056,            0.097885,            0.043727,            0.025219,          0.00046996,          0.00046996,             0.09577
                   3,            0.096304,            0.036947,            0.016749,               0.538,             0.13208,            0.028883,           0.0064181,            0.092081,            0.045638,            0.024649,          0.00062988,          0.00062988,             0.09433
                   4,            0.089465,            0.038755,            0.014599,             0.62727,             0.12241,            0.080336,            0.013242,            0.089172,            0.045783,             0.02422,          0.00078972,          0.00078972,             0.09289
                   5,            0.083448,            0.039229,            0.013057,             0.57221,             0.17925,            0.046995,           0.0078876,            0.087455,            0.044461,            0.024052,          0.00094948,          0.00094948,            0.091449
                   6,            0.078842,            0.037568,            0.011837,             0.64831,             0.15915,            0.085389,            0.015902,            0.085834,            0.041653,            0.023773,           0.0011091,           0.0011091,            0.090009
                   7,            0.075809,            0.034709,             0.01073,             0.57827,             0.26415,            0.077225,            0.020504,            0.083358,            0.040473,            0.023121,           0.0012686,           0.0012686,            0.088569
                   8,            0.073942,            0.032687,           0.0098094,             0.60879,             0.16981,            0.070716,            0.012952,            0.079961,            0.041885,            0.023106,            0.001428,            0.001428,            0.087128
                   9,            0.070486,            0.032059,           0.0089143,              0.5941,             0.30189,              0.1046,            0.017146,            0.078255,            0.041395,            0.021641,           0.0015872,           0.0015872,            0.085687
                  10,            0.069227,            0.031428,           0.0082084,             0.57306,             0.23585,            0.057882,            0.012627,            0.081345,            0.040064,            0.021415,           0.0017462,           0.0017462,            0.084246
                  11,            0.068842,            0.030771,           0.0075284,             0.66659,             0.10377,            0.092859,            0.018981,            0.082035,            0.039977,            0.020303,           0.0019049,           0.0019049,            0.082805
                  12,            0.067964,            0.030417,           0.0071182,             0.53005,             0.26415,            0.026769,           0.0043893,            0.088337,            0.038325,            0.019413,           0.0020635,           0.0020635,            0.081363
                  13,            0.065947,            0.030168,           0.0065709,             0.53603,             0.32075,            0.032204,           0.0066676,            0.081492,            0.041045,            0.019897,           0.0022217,           0.0022217,            0.079922
                  14,            0.071091,            0.029016,           0.0062817,             0.57076,             0.16981,            0.062663,            0.010625,            0.082452,            0.040311,             0.01878,           0.0023797,           0.0023797,             0.07848
                  15,            0.073062,            0.028683,           0.0062818,             0.56265,             0.30136,            0.073375,            0.015024,            0.083155,            0.040091,            0.018144,           0.0025374,           0.0025374,            0.077037
                  16,            0.072423,            0.028257,             0.00582,             0.55222,             0.23585,            0.047562,           0.0076584,            0.083099,             0.04066,            0.019008,           0.0026948,           0.0026948,            0.075595
                  17,            0.067355,            0.029163,           0.0055471,             0.57485,             0.26415,            0.077258,            0.015031,             0.08317,            0.040137,            0.018292,           0.0028519,           0.0028519,            0.074152
                  18,            0.070103,            0.027953,           0.0051859,             0.61035,             0.23585,            0.088686,            0.016543,            0.081621,            0.039388,            0.018467,           0.0030085,           0.0030085,            0.072709
                  19,            0.064658,            0.028521,            0.004748,             0.63011,             0.29245,             0.11404,            0.028773,            0.077258,            0.041757,            0.017243,           0.0031648,           0.0031648,            0.071265
                  20,            0.065107,            0.027888,           0.0044871,             0.58137,             0.21698,            0.070341,             0.01428,             0.08148,            0.040736,            0.017384,           0.0033207,           0.0033207,            0.069821
                  21,            0.064215,            0.027597,           0.0041107,             0.56022,             0.25448,            0.055037,           0.0082491,             0.08198,            0.041428,            0.017736,           0.0034762,           0.0034762,            0.068376
                  22,            0.062008,            0.027411,           0.0039839,             0.54557,             0.09434,            0.026615,           0.0046271,            0.090569,            0.039623,             0.01905,           0.0036312,           0.0036312,            0.066931
                  23,            0.062923,            0.026826,           0.0036143,              0.5732,             0.24528,            0.053257,           0.0080025,            0.088291,            0.038211,            0.017827,           0.0037858,           0.0037858,            0.065486
                  24,            0.061554,            0.027053,           0.0036484,             0.58629,             0.30108,            0.071793,            0.013354,            0.083879,            0.039948,            0.018493,           0.0039399,           0.0039399,             0.06404
                  25,            0.060163,            0.026504,           0.0034724,             0.59515,             0.19734,            0.064225,            0.011367,            0.080877,            0.042071,            0.017774,           0.0040934,           0.0040934,            0.062593
                  26,            0.057609,            0.025976,           0.0030659,             0.63676,             0.26286,             0.12606,            0.025941,            0.074292,            0.044547,            0.017774,           0.0042465,           0.0042465,            0.061146
                  27,            0.059251,            0.025258,           0.0030549,             0.60921,             0.19811,            0.084922,            0.017013,            0.080216,            0.042377,            0.016296,            0.004399,            0.004399,            0.059699
                  28,            0.057364,            0.025489,           0.0027827,             0.59212,             0.27273,            0.070432,            0.012585,            0.084595,            0.040107,            0.015621,            0.004551,            0.004551,            0.058251
                  29,            0.056676,             0.02493,           0.0026672,             0.60884,             0.30189,            0.092607,            0.018324,            0.077148,            0.044503,            0.015166,           0.0047023,           0.0047023,            0.056802
                  30,            0.055286,            0.024862,           0.0026317,             0.55953,             0.29245,            0.045459,           0.0093876,            0.090384,            0.040792,            0.016079,           0.0048531,           0.0048531,            0.055353
                  31,             0.05865,            0.024385,           0.0028686,             0.60271,             0.25472,            0.088611,            0.017859,            0.083708,            0.042535,            0.017361,           0.0050032,           0.0050032,            0.053903
                  32,             0.05545,            0.024179,           0.0025411,             0.10057,             0.31118,            0.087374,            0.016507,              0.0817,            0.043045,            0.016772,           0.0051527,           0.0051527,            0.052453
                  33,            0.052721,            0.024713,           0.0024997,             0.61858,             0.22642,             0.11428,            0.025474,            0.081849,            0.043818,            0.018478,           0.0053016,           0.0053016,            0.051002
                  34,            0.052262,            0.024278,           0.0023778,             0.62448,             0.14151,            0.072024,            0.014895,             0.08438,            0.043835,            0.015705,           0.0054498,           0.0054498,             0.04955
                  35,             0.05282,            0.023823,           0.0022499,             0.59498,             0.21698,            0.063129,            0.012125,            0.086099,            0.042451,            0.015606,           0.0055972,           0.0055972,            0.048097
                  36,            0.052221,            0.023791,           0.0022349,              0.6227,             0.26415,             0.12174,            0.023823,            0.078161,            0.045507,            0.016172,            0.005744,            0.005744,            0.046644
                  37,            0.052972,            0.023588,           0.0023056,             0.61227,             0.25472,            0.091213,            0.017502,            0.080745,            0.046418,            0.018424,             0.00589,             0.00589,             0.04519
                  38,            0.052626,            0.023347,           0.0023038,             0.57161,             0.24528,            0.049056,           0.0095924,            0.087527,            0.043723,            0.016129,           0.0060353,           0.0060353,            0.043735
                  39,            0.049556,            0.024047,           0.0024552,             0.56746,             0.22642,            0.048455,           0.0093113,            0.088405,             0.04394,            0.017433,           0.0061798,           0.0061798,             0.04228
                  40,             0.04858,            0.023921,            0.002346,             0.59566,             0.25472,            0.069488,            0.012248,            0.085398,            0.044859,            0.017876,           0.0063235,           0.0063235,            0.040823
                  41,             0.05142,            0.023624,           0.0021699,             0.10145,             0.23585,            0.075722,            0.013517,            0.078942,            0.048825,            0.016874,           0.0064664,           0.0064664,            0.039366
                  42,            0.050604,            0.023608,           0.0021449,             0.65342,             0.22642,             0.10325,            0.020107,            0.077894,            0.048062,            0.016259,           0.0066085,           0.0066085,            0.037908
                  43,            0.051924,            0.023299,           0.0022541,             0.59969,             0.31132,            0.075898,            0.016759,            0.081957,            0.049095,            0.013203,           0.0067497,           0.0067497,             0.03645
                  44,            0.051577,            0.023383,            0.002377,             0.59409,             0.21698,            0.086856,             0.01139,            0.080314,            0.048014,            0.015385,           0.0068901,           0.0068901,             0.03499
                  45,            0.049011,            0.023205,           0.0022702,             0.60938,             0.27211,            0.083828,            0.014149,              0.0797,            0.049527,            0.018393,           0.0070296,           0.0070296,             0.03353
                  46,            0.050053,            0.023113,           0.0020949,              0.5995,             0.23585,            0.068322,            0.012107,            0.082449,            0.048401,            0.019416,           0.0071682,           0.0071682,            0.032068
                  47,            0.050487,            0.022834,           0.0021354,               0.611,             0.30189,             0.12611,            0.019914,            0.075692,            0.052677,            0.016711,           0.0073058,           0.0073058,            0.030606
                  48,            0.051517,            0.023268,            0.002266,              0.6034,             0.22642,            0.097659,            0.020315,            0.080157,            0.049383,            0.018755,           0.0074426,           0.0074426,            0.029143
                  49,            0.046938,             0.02279,           0.0019546,             0.60746,             0.26344,            0.091855,            0.018062,            0.081732,            0.049155,            0.017908,           0.0075784,           0.0075784,            0.027678
                  50,            0.045672,            0.022826,           0.0019658,             0.58035,             0.25472,            0.062311,            0.011618,            0.083851,            0.049975,            0.018984,           0.0077132,           0.0077132,            0.026213
                  51,            0.047967,            0.022587,            0.002012,             0.57259,             0.20668,            0.048779,            0.011243,            0.085466,            0.049401,            0.018406,           0.0078471,           0.0078471,            0.024747
                  52,            0.048363,             0.02253,           0.0021643,             0.21182,             0.29817,            0.084226,             0.01528,            0.075719,            0.058295,            0.017191,             0.00798,             0.00798,             0.02328
                  53,             0.04549,            0.022927,            0.002118,             0.13344,             0.26987,            0.054661,            0.010648,            0.080821,            0.054141,            0.015617,           0.0081118,           0.0081118,            0.021812
                  54,             0.04679,            0.022857,           0.0020677,            0.098107,             0.19805,            0.066367,            0.016459,            0.077828,            0.054467,            0.015774,           0.0082427,           0.0082427,            0.020343
                  55,            0.046172,             0.02275,            0.001881,             0.67817,             0.18868,             0.10697,            0.018639,            0.078565,            0.054499,            0.017718,           0.0083724,           0.0083724,            0.018872
                  56,            0.046112,            0.022433,           0.0018222,             0.58269,             0.22618,             0.06172,            0.014922,            0.083211,            0.054848,            0.017982,           0.0085012,           0.0085012,            0.017401
                  57,            0.045157,            0.022631,           0.0018631,             0.62361,             0.22642,             0.08446,            0.019144,            0.079765,             0.05689,            0.018527,           0.0086288,           0.0086288,            0.015929
                  58,            0.043948,            0.022605,           0.0018898,             0.58973,             0.25381,            0.073888,            0.017365,             0.07885,            0.056279,            0.017963,           0.0087554,           0.0087554,            0.014455
                  59,            0.041702,            0.022755,           0.0017455,            0.072147,             0.28158,            0.052208,            0.010743,            0.081625,            0.055314,            0.017203,           0.0088808,           0.0088808,            0.012981
                  60,            0.044142,             0.02236,           0.0016662,             0.57877,             0.27358,            0.059027,            0.012393,            0.084222,             0.05583,            0.018054,           0.0090052,           0.0090052,            0.011505
                  61,            0.044778,            0.022228,           0.0016611,             0.61194,               0.283,             0.09128,            0.020174,            0.077608,             0.05772,            0.018343,           0.0091284,           0.0091284,            0.010028
                  62,             0.04159,             0.02258,            0.001681,             0.63886,             0.28302,             0.11561,            0.025571,            0.075602,            0.060855,            0.016027,           0.0091861,           0.0091861,           0.0091861
                  63,            0.042875,            0.022539,           0.0016913,             0.59137,             0.29245,            0.067717,            0.017584,            0.079408,            0.057762,            0.016189,           0.0091861,           0.0091861,           0.0091861
                  64,            0.041627,            0.022276,           0.0016445,              0.6211,             0.24424,            0.082352,            0.017344,            0.078967,             0.05699,            0.017925,           0.0091606,           0.0091606,           0.0091606
                  65,            0.041569,            0.022239,           0.0016562,             0.59321,             0.26415,            0.070374,             0.01371,            0.082009,            0.056509,            0.017557,           0.0091348,           0.0091348,           0.0091348
                  66,            0.041592,            0.022115,           0.0016791,             0.59409,             0.21698,            0.066722,            0.012828,            0.080823,            0.058013,            0.018566,           0.0091086,           0.0091086,           0.0091086
                  67,            0.041214,            0.022022,           0.0016397,             0.59782,              0.2547,             0.06898,            0.016073,            0.079698,            0.060736,            0.018357,           0.0090821,           0.0090821,           0.0090821
                  68,            0.040299,            0.022012,           0.0016199,             0.59653,             0.26415,            0.078924,            0.017974,            0.076457,            0.062163,            0.018187,           0.0090552,           0.0090552,           0.0090552
                  69,            0.040218,            0.022031,           0.0016746,             0.59333,             0.28302,            0.067135,            0.016894,             0.08028,            0.059435,            0.015934,            0.009028,            0.009028,            0.009028
                  70,             0.03988,            0.021902,           0.0014995,             0.59089,             0.28294,            0.063542,            0.016978,            0.080187,            0.060838,             0.01692,           0.0090004,           0.0090004,           0.0090004
                  71,            0.037501,            0.021935,           0.0014026,             0.59852,             0.26415,            0.070814,            0.017214,            0.080755,             0.06175,              0.0163,           0.0089726,           0.0089726,           0.0089726
                  72,            0.038726,            0.021756,           0.0013775,             0.58777,             0.24528,            0.060416,            0.014198,             0.08031,            0.063359,            0.016871,           0.0089444,           0.0089444,           0.0089444
                  73,            0.038124,            0.021807,            0.001373,              0.5977,             0.25472,            0.072413,            0.016884,            0.081411,            0.063319,            0.016883,           0.0089159,           0.0089159,           0.0089159
                  74,            0.036729,            0.021933,           0.0014021,             0.62292,             0.28302,            0.089423,            0.022591,            0.078929,            0.063855,            0.014984,            0.008887,            0.008887,            0.008887
                  75,            0.038724,            0.021676,           0.0014225,             0.61018,             0.28264,            0.085616,            0.018397,             0.08107,            0.062787,            0.016028,           0.0088579,           0.0088579,           0.0088579
                  76,            0.037759,            0.021688,           0.0014253,             0.59574,             0.25472,            0.066072,            0.015957,            0.081333,            0.062214,            0.015601,           0.0088284,           0.0088284,           0.0088284
                  77,            0.035776,            0.021852,           0.0013566,             0.58594,             0.25472,            0.061447,            0.014345,            0.082261,            0.062199,            0.015845,           0.0087987,           0.0087987,           0.0087987
                  78,            0.037135,            0.021742,           0.0013569,             0.59411,             0.27341,            0.068647,            0.014477,            0.082393,            0.063003,            0.015477,           0.0087686,           0.0087686,           0.0087686
                  79,            0.037359,            0.021721,           0.0013487,             0.58641,              0.2444,            0.060515,            0.012703,            0.082345,            0.063486,            0.016092,           0.0087382,           0.0087382,           0.0087382
                  80,            0.035705,            0.021765,           0.0013543,             0.59904,             0.26415,            0.075054,            0.017902,            0.081097,            0.063688,            0.016315,           0.0087075,           0.0087075,           0.0087075
                  81,            0.037801,            0.021513,           0.0013632,             0.60905,             0.28302,            0.092621,            0.026502,            0.080014,            0.064384,             0.01627,           0.0086765,           0.0086765,           0.0086765
                  82,            0.036381,            0.021598,           0.0013215,             0.60969,             0.25472,            0.085311,            0.022626,            0.079279,            0.064764,            0.015948,           0.0086452,           0.0086452,           0.0086452
                  83,            0.035187,            0.021688,           0.0013116,             0.60478,             0.21698,            0.083184,             0.01911,            0.079965,            0.064703,            0.016837,           0.0086137,           0.0086137,           0.0086137
                  84,             0.03668,            0.021433,           0.0012789,             0.60719,             0.27358,             0.10806,            0.020891,            0.079003,            0.065511,            0.015298,           0.0085818,           0.0085818,           0.0085818
                  85,            0.034984,            0.021633,           0.0013278,             0.59782,             0.25472,            0.070681,            0.020559,            0.078475,            0.066241,            0.016522,           0.0085497,           0.0085497,           0.0085497
                  86,              0.0338,            0.021701,           0.0013508,             0.60508,             0.30189,            0.083057,            0.021254,            0.078241,            0.066659,            0.015254,           0.0085173,           0.0085173,           0.0085173
                  87,            0.034896,            0.021558,            0.001311,             0.59983,             0.28302,             0.07707,            0.019092,            0.077495,            0.066187,            0.015237,           0.0084846,           0.0084846,           0.0084846
                  88,            0.035152,            0.021484,           0.0013086,             0.60338,             0.27358,            0.076923,            0.019074,            0.078339,            0.066526,            0.013925,           0.0084516,           0.0084516,           0.0084516
                  89,            0.035871,            0.021443,           0.0013264,             0.60257,             0.29245,            0.071182,            0.019587,            0.079256,            0.066962,            0.014728,           0.0084184,           0.0084184,           0.0084184
                  90,             0.03495,            0.021416,           0.0012975,             0.59728,             0.27358,            0.068721,            0.017318,            0.079203,            0.068844,            0.015078,           0.0083849,           0.0083849,           0.0083849
                  91,            0.033898,            0.021474,            0.001289,             0.59343,             0.24499,             0.06606,            0.016223,            0.080818,            0.067965,            0.015146,           0.0083511,           0.0083511,           0.0083511
                  92,            0.034101,            0.021508,           0.0012835,             0.58949,             0.24528,            0.064178,            0.015567,            0.080324,            0.068557,            0.016091,           0.0083171,           0.0083171,           0.0083171
                  93,            0.035616,            0.021373,           0.0012684,             0.59379,             0.23525,            0.064516,            0.016318,            0.080423,            0.068777,            0.016258,           0.0082829,           0.0082829,           0.0082829
                  94,            0.034294,            0.021454,           0.0012579,             0.58959,             0.24528,            0.061082,            0.013656,            0.080742,            0.068187,            0.016053,           0.0082483,           0.0082483,           0.0082483
                  95,            0.032975,            0.021524,           0.0012443,              0.6018,             0.25325,            0.071015,            0.016475,            0.079812,            0.067863,            0.015654,           0.0082136,           0.0082136,           0.0082136
                  96,            0.034804,            0.021417,           0.0012852,             0.60737,             0.24508,            0.074825,            0.020617,            0.081686,            0.066337,            0.016095,           0.0081786,           0.0081786,           0.0081786
                  97,            0.033876,            0.021439,           0.0012891,             0.60033,             0.25472,            0.071668,            0.017688,            0.081126,            0.066661,            0.015045,           0.0081433,           0.0081433,           0.0081433
                  98,            0.033977,            0.021399,           0.0012501,             0.59835,             0.22642,            0.062426,            0.016823,            0.081078,            0.067209,            0.016357,           0.0081078,           0.0081078,           0.0081078
                  99,            0.035465,            0.021274,           0.0012866,             0.59622,             0.24528,            0.065633,            0.016844,            0.080766,            0.066773,            0.016455,           0.0080721,           0.0080721,           0.0080721
                 100,            0.033437,            0.021481,           0.0012873,             0.59305,             0.29121,            0.078138,            0.016523,            0.080053,            0.068258,            0.016134,           0.0080362,           0.0080362,           0.0080362
                 101,            0.033443,            0.021402,           0.0012698,              0.5945,             0.29245,            0.083353,            0.017243,            0.079167,            0.069394,            0.015814,               0.008,               0.008,               0.008
                 102,             0.03423,            0.021403,           0.0013041,             0.60429,             0.27358,            0.079112,            0.020542,            0.079613,             0.06942,            0.016078,           0.0079636,           0.0079636,           0.0079636
                 103,            0.033657,            0.021412,           0.0012653,             0.60536,             0.28302,            0.079292,            0.018371,            0.080128,            0.069771,            0.014578,            0.007927,            0.007927,            0.007927
                 104,            0.032604,            0.021507,           0.0011934,             0.59914,             0.27358,            0.074022,            0.018884,             0.08052,            0.069816,            0.014764,           0.0078902,           0.0078902,           0.0078902
                 105,             0.03337,            0.021414,           0.0011936,             0.61184,             0.26415,            0.076768,            0.021125,             0.08034,            0.070559,             0.01346,           0.0078532,           0.0078532,           0.0078532
                 106,              0.0332,            0.021426,           0.0011879,             0.62462,             0.26415,            0.084708,            0.021591,            0.080327,            0.071449,            0.014127,            0.007816,            0.007816,            0.007816
                 107,            0.033138,            0.021362,           0.0011785,              0.6143,             0.25472,             0.08246,            0.021555,            0.078948,            0.071176,            0.013755,           0.0077785,           0.0077785,           0.0077785
                 108,             0.03271,            0.021406,           0.0012146,             0.61528,             0.25442,            0.081698,            0.019732,            0.079472,            0.069175,            0.013807,           0.0077409,           0.0077409,           0.0077409
                 109,            0.031692,            0.021466,           0.0011895,             0.60806,             0.27358,            0.081982,            0.023126,            0.079187,            0.069987,            0.013727,           0.0077031,           0.0077031,           0.0077031
                 110,            0.031078,            0.021482,           0.0011482,             0.60291,             0.25428,            0.075854,            0.019617,            0.079757,            0.070175,            0.014454,           0.0076651,           0.0076651,           0.0076651
                 111,            0.031914,             0.02139,            0.001143,             0.60895,             0.27358,            0.083404,            0.020041,             0.08025,             0.06919,            0.014033,           0.0076269,           0.0076269,           0.0076269
                 112,            0.031919,            0.021389,           0.0011357,             0.60176,             0.31132,            0.083886,            0.017928,            0.079656,            0.069282,            0.014578,           0.0075886,           0.0075886,           0.0075886
                 113,            0.031538,            0.021404,           0.0011479,             0.59893,             0.23585,            0.068986,            0.015075,            0.079795,            0.069614,            0.014899,           0.0075501,           0.0075501,           0.0075501
                 114,            0.032372,            0.021367,           0.0011708,             0.60695,             0.25472,            0.079157,            0.016328,             0.07923,            0.069241,            0.015547,           0.0075114,           0.0075114,           0.0075114
                 115,            0.031248,            0.021439,           0.0011566,              0.6156,             0.26415,            0.080144,            0.017058,            0.079373,            0.069293,            0.015754,           0.0074725,           0.0074725,           0.0074725
                 116,            0.030487,             0.02144,           0.0011271,             0.60431,             0.22642,            0.068342,            0.018114,            0.078965,            0.070674,            0.015708,           0.0074335,           0.0074335,           0.0074335
                 117,            0.031355,            0.021365,           0.0011169,             0.61554,             0.24528,            0.080773,             0.02015,            0.078999,            0.071892,            0.015492,           0.0073943,           0.0073943,           0.0073943
                 118,            0.031667,            0.021302,           0.0011134,             0.60249,             0.22642,            0.083034,            0.024616,            0.079924,             0.07204,            0.015933,            0.007355,            0.007355,            0.007355
                 119,            0.030339,            0.021412,           0.0010946,             0.60069,             0.26415,             0.08073,            0.027268,            0.079051,            0.072557,            0.016085,           0.0073155,           0.0073155,           0.0073155
                 120,            0.030989,            0.021364,           0.0010934,             0.60271,             0.25364,            0.081291,            0.027531,            0.079316,             0.07338,            0.015552,           0.0072758,           0.0072758,           0.0072758
                 121,            0.030876,            0.021326,           0.0010952,             0.61477,             0.29245,            0.088593,            0.026644,            0.078939,             0.07327,            0.015505,           0.0072361,           0.0072361,           0.0072361
                 122,            0.030229,            0.021377,           0.0010774,             0.60065,             0.27358,            0.079247,            0.029488,            0.079662,            0.072655,             0.01539,           0.0071962,           0.0071962,           0.0071962
                 123,            0.030469,            0.021361,           0.0010817,             0.60221,             0.25454,            0.072923,            0.021639,            0.081073,            0.070972,            0.015916,           0.0071561,           0.0071561,           0.0071561
                 124,            0.030652,             0.02135,           0.0010788,             0.60816,             0.24528,            0.082323,            0.022692,            0.080085,            0.071687,            0.015932,            0.007116,            0.007116,            0.007116
                 125,            0.029834,            0.021399,            0.001092,             0.60008,             0.24528,            0.082835,            0.024213,            0.080242,            0.071952,            0.014931,           0.0070757,           0.0070757,           0.0070757
                 126,            0.030048,            0.021355,           0.0010731,             0.60798,             0.25467,            0.086698,            0.024188,            0.080229,            0.070913,            0.014794,           0.0070353,           0.0070353,           0.0070353
                 127,            0.030027,            0.021362,           0.0010441,             0.61793,             0.28302,            0.089562,            0.020786,            0.080109,            0.070446,            0.014876,           0.0069948,           0.0069948,           0.0069948
                 128,            0.029792,            0.021354,           0.0010381,             0.60846,             0.26415,            0.080361,            0.021678,            0.079955,            0.070436,            0.014965,           0.0069541,           0.0069541,           0.0069541
                 129,            0.030349,            0.021296,           0.0010378,             0.60427,             0.25472,            0.074687,            0.018609,            0.080305,            0.069793,            0.016406,           0.0069134,           0.0069134,           0.0069134
                 130,            0.029856,            0.021349,            0.001045,             0.60047,             0.25472,             0.07582,            0.020673,            0.080347,            0.070698,            0.016277,           0.0068726,           0.0068726,           0.0068726
                 131,            0.029269,            0.021362,           0.0010278,              0.6083,             0.24528,            0.075808,            0.018095,            0.080506,            0.070946,            0.015864,           0.0068316,           0.0068316,           0.0068316
                 132,            0.030044,            0.021303,           0.0010304,             0.61037,             0.23585,             0.07426,            0.017058,            0.080599,            0.071482,            0.015015,           0.0067906,           0.0067906,           0.0067906
                 133,            0.029966,            0.021297,           0.0010164,             0.61559,             0.25472,            0.078879,            0.020016,            0.080074,            0.072496,            0.015197,           0.0067495,           0.0067495,           0.0067495
                 134,            0.029732,            0.021314,           0.0010549,             0.61662,             0.26415,            0.081081,            0.021197,            0.079718,            0.072859,            0.014743,           0.0067083,           0.0067083,           0.0067083
                 135,            0.031236,            0.021176,            0.001084,             0.62174,             0.27358,            0.082953,            0.022087,            0.079232,            0.074656,            0.014764,           0.0066671,           0.0066671,           0.0066671
                 136,            0.030453,            0.021281,           0.0011053,             0.62063,             0.26415,            0.086142,            0.023316,            0.079152,            0.074578,            0.013957,           0.0066257,           0.0066257,           0.0066257
                 137,            0.029785,            0.021283,           0.0010817,             0.61849,             0.26415,            0.084814,            0.020158,            0.079798,            0.074645,             0.01357,           0.0065843,           0.0065843,           0.0065843
                 138,            0.029183,            0.021303,           0.0010733,             0.61598,             0.27358,            0.081034,            0.020338,            0.079426,            0.074998,            0.013891,           0.0065429,           0.0065429,           0.0065429
                 139,            0.028295,            0.021366,           0.0010602,             0.61323,             0.25472,            0.077816,            0.020373,            0.079356,            0.074761,            0.014276,           0.0065013,           0.0065013,           0.0065013
                 140,            0.028433,            0.021349,           0.0010292,             0.61005,             0.24493,            0.075711,            0.019321,            0.079491,            0.074144,            0.014162,           0.0064597,           0.0064597,           0.0064597
                 141,            0.029029,            0.021288,           0.0010282,             0.61921,             0.24528,              0.0798,            0.017677,            0.080014,            0.073022,            0.013661,           0.0064181,           0.0064181,           0.0064181
                 142,            0.029304,            0.021281,           0.0010355,             0.62371,             0.25472,            0.087184,            0.019331,            0.079607,            0.072857,            0.013596,           0.0063764,           0.0063764,           0.0063764
                 143,            0.028594,            0.021314,           0.0010129,             0.61682,             0.25472,            0.083891,            0.018861,            0.079634,            0.072192,            0.013721,           0.0063347,           0.0063347,           0.0063347
                 144,             0.02872,            0.021288,          0.00099579,             0.61617,             0.25472,            0.083688,            0.018861,            0.079608,            0.072812,            0.013808,            0.006293,            0.006293,            0.006293
                 145,            0.028198,            0.021305,          0.00099063,             0.59907,             0.26415,             0.07508,            0.018897,            0.079818,            0.073184,            0.013792,           0.0062512,           0.0062512,           0.0062512
                 146,            0.028337,            0.021315,           0.0010028,             0.59808,             0.22642,            0.079834,            0.018056,            0.079676,            0.073373,             0.01407,           0.0062093,           0.0062093,           0.0062093
                 147,            0.028738,            0.021272,            0.001017,             0.59576,             0.21698,            0.074646,            0.019169,            0.080056,            0.073253,             0.01447,           0.0061675,           0.0061675,           0.0061675
                 148,            0.028498,            0.021281,           0.0010035,             0.59312,             0.28302,            0.075199,            0.018907,             0.07986,            0.073865,            0.014995,           0.0061256,           0.0061256,           0.0061256
                 149,            0.028526,            0.021287,           0.0010012,             0.60654,             0.24522,            0.076477,            0.016842,             0.07947,            0.074248,            0.015214,           0.0060838,           0.0060838,           0.0060838
                 150,            0.029522,             0.02122,           0.0010207,             0.60134,             0.26415,            0.075032,            0.016513,            0.080057,            0.074345,            0.014793,           0.0060419,           0.0060419,           0.0060419
                 151,            0.029389,             0.02123,           0.0010437,             0.60306,             0.24494,            0.070373,            0.017441,            0.080156,            0.074615,            0.014245,               0.006,               0.006,               0.006
                 152,            0.028465,            0.021292,           0.0010364,             0.60581,             0.22642,            0.070795,            0.019161,            0.080585,            0.073865,            0.014054,           0.0059581,           0.0059581,           0.0059581
                 153,            0.028596,            0.021284,           0.0010148,             0.60165,             0.22628,            0.067614,            0.017133,            0.081513,            0.073458,            0.014066,           0.0059162,           0.0059162,           0.0059162
                 154,            0.028156,            0.021312,           0.0010022,             0.60566,             0.23585,            0.069274,            0.017224,            0.080859,            0.073613,              0.0147,           0.0058744,           0.0058744,           0.0058744
                 155,            0.029001,            0.021257,          0.00099384,             0.61197,             0.26415,            0.077281,            0.017377,            0.079987,              0.0735,            0.014828,           0.0058325,           0.0058325,           0.0058325
                 156,            0.029253,            0.021275,           0.0010203,             0.61143,             0.25431,            0.074286,            0.016783,            0.079637,            0.074027,            0.015347,           0.0057907,           0.0057907,           0.0057907
                 157,            0.028383,            0.021317,            0.001018,             0.61143,             0.27358,            0.085574,            0.019686,             0.07909,            0.073729,            0.015305,           0.0057488,           0.0057488,           0.0057488
                 158,            0.027795,            0.021351,             0.00102,             0.61801,             0.24528,            0.083053,            0.019494,             0.07934,             0.07405,            0.014512,            0.005707,            0.005707,            0.005707
                 159,             0.02842,            0.021319,           0.0010214,             0.62601,             0.27358,            0.094666,            0.022037,            0.078986,            0.074161,            0.014316,           0.0056653,           0.0056653,           0.0056653
                 160,              0.0288,            0.021305,           0.0010191,             0.62495,             0.25472,            0.092213,            0.021161,            0.079108,            0.074418,            0.013358,           0.0056236,           0.0056236,           0.0056236
                 161,            0.028514,             0.02132,           0.0010116,              0.6036,             0.26415,            0.075795,            0.018006,            0.079081,            0.074636,            0.013182,           0.0055819,           0.0055819,           0.0055819
                 162,            0.028814,            0.021291,           0.0010114,             0.59851,             0.23585,             0.07266,            0.020585,            0.079664,            0.073877,            0.013464,           0.0055403,           0.0055403,           0.0055403
                 163,            0.028024,            0.021328,          0.00099589,             0.60866,              0.1886,            0.074395,            0.022893,            0.079662,            0.073511,            0.013855,           0.0054987,           0.0054987,           0.0054987
                 164,            0.027322,             0.02136,          0.00097575,             0.60494,             0.23585,            0.074839,            0.022914,            0.079935,             0.07311,            0.014276,           0.0054571,           0.0054571,           0.0054571
                 165,            0.028228,            0.021303,          0.00097705,              0.6126,             0.24528,            0.079933,            0.021627,            0.080747,            0.072518,            0.014183,           0.0054157,           0.0054157,           0.0054157
                 166,            0.027892,            0.021335,          0.00097918,             0.61964,             0.27358,            0.086081,            0.022634,            0.080593,            0.072489,            0.013929,           0.0053743,           0.0053743,           0.0053743
                 167,             0.02728,            0.021355,          0.00098172,             0.60515,             0.22642,            0.075381,            0.020509,            0.081241,            0.072246,            0.013925,           0.0053329,           0.0053329,           0.0053329
                 168,            0.027058,            0.021363,          0.00096275,             0.60703,             0.22642,            0.073725,            0.019417,            0.081272,            0.072452,            0.014016,           0.0052917,           0.0052917,           0.0052917
                 169,            0.027328,            0.021328,          0.00094798,             0.60886,             0.25472,            0.074635,            0.018868,             0.08191,            0.072201,            0.014201,           0.0052505,           0.0052505,           0.0052505
                 170,            0.026956,            0.021361,          0.00095332,             0.60682,             0.23581,            0.071814,            0.018019,            0.081964,            0.072769,            0.014386,           0.0052094,           0.0052094,           0.0052094
                 171,            0.027078,            0.021319,           0.0009586,             0.60523,             0.22642,            0.069882,            0.017192,            0.081771,            0.072361,            0.014526,           0.0051684,           0.0051684,           0.0051684
                 172,            0.027228,            0.021306,          0.00094921,             0.60711,             0.22642,            0.071426,            0.016095,            0.082013,            0.072029,            0.014693,           0.0051274,           0.0051274,           0.0051274
                 173,            0.026967,            0.021332,          0.00094418,             0.61344,             0.25472,            0.080932,            0.017749,            0.081338,            0.072246,            0.014571,           0.0050866,           0.0050866,           0.0050866
                 174,            0.027543,            0.021286,          0.00094719,             0.60831,             0.24528,            0.076175,             0.01756,            0.081302,            0.072382,            0.014465,           0.0050459,           0.0050459,           0.0050459
                 175,            0.027154,            0.021314,           0.0009517,             0.60713,             0.28302,            0.082032,             0.02091,            0.080762,            0.072766,             0.01425,           0.0050052,           0.0050052,           0.0050052
                 176,            0.026505,            0.021333,          0.00094015,             0.61274,             0.28302,            0.087198,            0.023168,            0.079971,             0.07323,            0.014267,           0.0049647,           0.0049647,           0.0049647
                 177,             0.02705,             0.02129,          0.00094093,             0.61567,             0.23585,            0.086438,            0.023698,            0.079753,            0.073491,            0.014555,           0.0049243,           0.0049243,           0.0049243
                 178,             0.02707,            0.021294,          0.00094217,             0.62126,             0.23585,            0.093063,            0.025489,            0.079311,            0.073826,            0.014656,            0.004884,            0.004884,            0.004884
                 179,            0.026851,              0.0213,          0.00092671,             0.59977,             0.27358,             0.07796,            0.021622,            0.079658,            0.073671,            0.014827,           0.0048439,           0.0048439,           0.0048439
                 180,            0.027351,            0.021247,          0.00092082,             0.60201,             0.26356,            0.072181,            0.019757,            0.080511,            0.073083,            0.014992,           0.0048038,           0.0048038,           0.0048038
                 181,            0.027059,            0.021269,          0.00092248,             0.59815,             0.30189,            0.074797,            0.018746,            0.081033,             0.07267,            0.015175,           0.0047639,           0.0047639,           0.0047639
                 182,            0.026762,            0.021286,          0.00091669,             0.60387,             0.24528,            0.074758,            0.017884,            0.081735,             0.07213,            0.015057,           0.0047242,           0.0047242,           0.0047242
                 183,            0.026269,            0.021315,           0.0009182,                 0.6,             0.24527,            0.067819,            0.017631,            0.081843,             0.07215,            0.014746,           0.0046845,           0.0046845,           0.0046845
                 184,            0.026065,            0.021318,           0.0009089,             0.60305,              0.2547,            0.073053,            0.017606,            0.081353,            0.072386,            0.015221,            0.004645,            0.004645,            0.004645
                 185,            0.025814,            0.021324,          0.00089833,             0.59706,              0.2818,            0.072868,            0.016321,            0.081115,             0.07323,            0.015679,           0.0046057,           0.0046057,           0.0046057
                 186,            0.026836,             0.02124,          0.00090275,             0.60186,              0.2631,            0.073903,            0.016451,            0.080634,            0.073627,            0.015917,           0.0045665,           0.0045665,           0.0045665
                 187,            0.026332,            0.021287,          0.00090265,             0.59709,             0.25472,            0.069003,            0.018109,            0.080612,            0.073324,              0.0158,           0.0045275,           0.0045275,           0.0045275
                 188,            0.026209,            0.021284,          0.00089903,              0.6051,             0.26415,            0.074804,            0.018328,            0.080191,            0.073062,            0.015202,           0.0044886,           0.0044886,           0.0044886
                 189,            0.026644,            0.021263,          0.00090404,             0.60681,             0.23585,            0.074559,            0.018433,            0.079934,            0.072957,             0.01498,           0.0044499,           0.0044499,           0.0044499
                 190,             0.02654,            0.021263,          0.00089714,             0.61265,             0.24528,             0.07836,             0.01804,            0.079958,            0.072961,            0.014446,           0.0044114,           0.0044114,           0.0044114
                 191,            0.026324,            0.021271,          0.00089595,             0.60766,             0.23557,            0.079665,            0.019141,            0.079849,            0.073266,            0.013922,           0.0043731,           0.0043731,           0.0043731
                 192,            0.027138,            0.021228,          0.00089843,             0.61418,             0.22642,            0.082482,            0.017602,            0.079935,             0.07329,            0.013699,           0.0043349,           0.0043349,           0.0043349
                 193,            0.026262,            0.021283,          0.00089885,             0.60354,             0.27358,            0.076546,            0.019128,            0.079863,            0.073556,            0.013628,           0.0042969,           0.0042969,           0.0042969
                 194,            0.026081,            0.021283,          0.00089853,             0.60913,             0.29245,            0.084472,            0.020698,            0.079897,            0.073555,            0.013848,           0.0042591,           0.0042591,           0.0042591
                 195,            0.026158,             0.02127,          0.00089801,             0.60697,             0.28302,            0.078361,            0.020523,            0.079889,            0.073715,            0.014201,           0.0042215,           0.0042215,           0.0042215
                 196,            0.026215,            0.021257,          0.00089853,             0.60274,             0.27325,            0.074015,            0.020721,            0.080086,            0.073904,            0.014535,            0.004184,            0.004184,            0.004184
                 197,            0.025512,            0.021296,          0.00089865,             0.60276,             0.27358,            0.071849,            0.021948,            0.080452,            0.073607,            0.014559,           0.0041468,           0.0041468,           0.0041468
                 198,            0.025541,             0.02128,          0.00088492,              0.6097,             0.27358,             0.07465,            0.021703,            0.080657,            0.073446,            0.014298,           0.0041098,           0.0041098,           0.0041098
                 199,            0.025247,            0.021302,          0.00086939,              0.6056,             0.27358,            0.074975,            0.022255,             0.08071,            0.073536,            0.014306,            0.004073,            0.004073,            0.004073
                 200,            0.025495,            0.021282,          0.00085965,              0.6042,             0.26415,            0.073645,            0.022367,            0.080594,            0.073896,            0.014657,           0.0040364,           0.0040364,           0.0040364
                 201,            0.025283,            0.021287,          0.00085602,             0.60432,             0.22642,            0.072345,            0.020446,            0.080794,            0.073824,            0.014965,               0.004,               0.004,               0.004
                 202,            0.025112,            0.021297,          0.00085115,             0.60406,             0.22642,            0.068842,             0.01989,            0.080698,             0.07334,            0.015121,           0.0039638,           0.0039638,           0.0039638
                 203,            0.025422,            0.021282,          0.00085221,             0.60502,             0.23578,            0.070492,            0.018952,            0.080618,             0.07308,            0.015037,           0.0039279,           0.0039279,           0.0039279
                 204,             0.02615,            0.021221,          0.00084814,             0.61133,             0.25401,            0.077348,            0.017201,            0.080444,            0.072923,            0.015054,           0.0038922,           0.0038922,           0.0038922
                 205,             0.02569,            0.021257,          0.00084919,             0.61384,             0.24528,            0.081773,            0.018836,            0.080341,            0.073305,            0.014664,           0.0038567,           0.0038567,           0.0038567
                 206,            0.025413,            0.021277,          0.00085396,             0.61089,             0.26415,            0.084849,            0.021139,            0.080456,            0.073061,            0.014176,           0.0038214,           0.0038214,           0.0038214
                 207,            0.025559,            0.021263,          0.00085456,             0.61339,             0.25472,            0.077911,            0.019534,            0.080244,            0.073468,            0.013927,           0.0037864,           0.0037864,           0.0037864
                 208,            0.024898,            0.021304,          0.00085013,             0.60731,             0.24528,            0.075055,            0.019077,            0.079966,            0.074187,             0.01398,           0.0037517,           0.0037517,           0.0037517
                 209,            0.025024,            0.021285,          0.00084369,             0.60741,             0.24521,             0.07423,            0.019761,            0.080119,            0.074558,            0.014158,           0.0037171,           0.0037171,           0.0037171
                 210,            0.025154,            0.021272,          0.00084274,             0.61303,             0.29245,            0.083994,            0.019988,            0.080106,            0.074859,            0.013966,           0.0036829,           0.0036829,           0.0036829
                 211,            0.024828,            0.021292,          0.00084043,             0.61219,             0.29245,             0.08245,            0.020592,            0.079951,            0.075339,            0.014025,           0.0036489,           0.0036489,           0.0036489
                 212,            0.024767,            0.021291,           0.0008425,             0.60711,             0.28302,            0.076814,            0.020413,            0.079945,            0.075654,            0.014285,           0.0036151,           0.0036151,           0.0036151
                 213,            0.025324,            0.021254,          0.00084323,             0.61213,             0.25472,            0.077872,            0.019517,            0.080193,            0.075601,            0.014282,           0.0035816,           0.0035816,           0.0035816
                 214,            0.025296,            0.021266,          0.00084819,             0.60056,             0.25472,            0.069935,            0.019209,            0.080303,            0.075435,            0.014511,           0.0035484,           0.0035484,           0.0035484
                 215,            0.025372,            0.021257,          0.00084982,             0.59759,             0.25472,            0.068202,            0.019297,            0.080345,            0.075492,            0.014472,           0.0035154,           0.0035154,           0.0035154
                 216,            0.025098,            0.021268,          0.00084965,              0.6037,             0.25426,            0.070996,            0.018274,            0.080693,            0.075325,            0.014575,           0.0034827,           0.0034827,           0.0034827
                 217,             0.02503,            0.021275,          0.00084745,             0.60345,             0.27358,            0.072788,            0.019226,            0.080786,            0.075165,            0.014647,           0.0034503,           0.0034503,           0.0034503
                 218,            0.024902,            0.021279,          0.00084549,             0.59956,             0.26415,            0.067836,            0.018585,            0.080468,            0.075437,            0.014993,           0.0034182,           0.0034182,           0.0034182
                 219,            0.025156,            0.021261,          0.00084551,             0.59483,             0.26275,            0.069351,            0.018977,             0.08036,             0.07558,             0.01527,           0.0033863,           0.0033863,           0.0033863
                 220,            0.024734,            0.021288,          0.00083917,             0.59986,             0.21698,            0.071958,            0.018953,            0.080081,            0.075796,            0.015408,           0.0033548,           0.0033548,           0.0033548
                 221,             0.02438,            0.021308,           0.0008317,             0.60342,             0.21698,             0.07352,            0.019783,            0.079745,            0.075693,             0.01522,           0.0033235,           0.0033235,           0.0033235
                 222,            0.024677,            0.021289,          0.00082619,             0.59408,             0.24488,            0.070394,            0.018609,            0.079762,            0.075593,            0.015172,           0.0032925,           0.0032925,           0.0032925
                 223,            0.024347,              0.0213,          0.00082514,             0.59996,             0.25472,            0.072045,            0.019749,            0.079486,             0.07611,            0.014772,           0.0032618,           0.0032618,           0.0032618
                 224,            0.024797,            0.021278,          0.00082387,             0.60474,             0.24528,            0.072933,            0.017092,            0.079799,            0.076168,            0.014612,           0.0032314,           0.0032314,           0.0032314
                 225,            0.024861,            0.021267,          0.00082664,             0.60643,             0.24528,            0.074037,            0.018623,            0.079577,            0.076286,              0.0143,           0.0032013,           0.0032013,           0.0032013
                 226,            0.024596,            0.021287,          0.00082791,             0.60921,             0.24528,               0.076,            0.019571,            0.079529,            0.076376,            0.014341,           0.0031716,           0.0031716,           0.0031716
                 227,            0.024709,             0.02128,          0.00083278,             0.60906,             0.24476,            0.077231,            0.018836,            0.079584,            0.076112,            0.014221,           0.0031421,           0.0031421,           0.0031421
                 228,            0.024732,            0.021271,          0.00083651,             0.60981,             0.27347,            0.082454,            0.020646,            0.079728,            0.075661,            0.014091,            0.003113,            0.003113,            0.003113
                 229,            0.024372,            0.021292,          0.00083192,              0.6085,             0.28238,            0.082488,            0.021775,            0.079895,            0.075545,            0.014134,           0.0030841,           0.0030841,           0.0030841
                 230,             0.02431,            0.021299,          0.00083107,             0.60633,             0.28285,            0.079799,            0.022005,            0.079971,            0.075434,            0.014358,           0.0030556,           0.0030556,           0.0030556
                 231,            0.024553,            0.021269,          0.00082927,              0.6155,             0.24528,            0.084294,            0.021191,            0.080112,            0.075347,             0.01446,           0.0030274,           0.0030274,           0.0030274
                 232,             0.02433,            0.021289,          0.00082707,             0.61002,             0.24487,            0.077699,             0.02046,            0.080391,            0.075286,            0.014822,           0.0029996,           0.0029996,           0.0029996
                 233,            0.024437,            0.021278,          0.00082193,             0.59318,             0.26415,            0.069947,             0.01964,            0.080334,            0.075457,             0.01506,            0.002972,            0.002972,            0.002972
                 234,            0.024472,            0.021272,          0.00081878,             0.59376,             0.26345,             0.06872,            0.018165,            0.080576,            0.075701,            0.015131,           0.0029448,           0.0029448,           0.0029448
                 235,            0.023961,            0.021306,          0.00081519,             0.59698,             0.25426,            0.069353,            0.017986,            0.080515,            0.076128,            0.015101,           0.0029179,           0.0029179,           0.0029179
                 236,            0.023759,            0.021317,          0.00081019,              0.5984,             0.25472,            0.071598,            0.018414,            0.080474,            0.076378,            0.015001,           0.0028914,           0.0028914,           0.0028914
                 237,            0.023973,            0.021299,          0.00080821,             0.60856,             0.23585,            0.075931,            0.020306,            0.080544,            0.076759,            0.015019,           0.0028652,           0.0028652,           0.0028652
                 238,            0.023612,            0.021317,          0.00080354,             0.60616,             0.22642,            0.072454,            0.019007,            0.080226,            0.077101,               0.015,           0.0028394,           0.0028394,           0.0028394
                 239,            0.023665,            0.021317,          0.00080082,             0.61229,             0.23585,            0.076933,            0.019093,              0.0802,            0.076739,            0.014855,           0.0028139,           0.0028139,           0.0028139
                 240,             0.02413,            0.021282,          0.00080095,             0.60496,             0.22642,            0.070792,            0.018758,             0.08039,            0.076184,            0.014989,           0.0027887,           0.0027887,           0.0027887
                 241,            0.024091,            0.021285,          0.00079643,             0.59731,             0.27358,            0.070748,            0.018697,            0.080277,            0.076253,            0.014735,           0.0027639,           0.0027639,           0.0027639
                 242,            0.023787,            0.021307,          0.00079964,             0.60065,             0.24528,            0.072366,            0.019267,            0.080356,            0.076284,            0.014738,           0.0027395,           0.0027395,           0.0027395
                 243,             0.02399,             0.02129,          0.00080024,             0.60427,             0.25472,            0.076524,            0.020446,            0.079975,             0.07614,            0.014617,           0.0027154,           0.0027154,           0.0027154
                 244,            0.023549,            0.021313,          0.00079895,              0.6021,             0.23481,             0.07055,            0.019919,            0.080062,            0.075901,            0.014603,           0.0026917,           0.0026917,           0.0026917
                 245,             0.02359,            0.021309,          0.00079379,              0.6055,             0.24472,            0.074628,            0.019558,            0.080124,            0.075773,             0.01465,           0.0026683,           0.0026683,           0.0026683
                 246,            0.023506,            0.021307,          0.00079301,             0.59611,             0.23585,            0.068609,            0.018247,            0.080171,            0.075472,            0.014531,           0.0026453,           0.0026453,           0.0026453
                 247,            0.023662,            0.021302,          0.00079327,             0.60679,             0.23585,             0.07387,            0.017403,            0.080198,            0.075628,            0.014471,           0.0026227,           0.0026227,           0.0026227
                 248,            0.023612,            0.021304,          0.00079421,             0.61295,             0.24528,            0.079413,            0.019067,            0.080222,            0.075592,             0.01451,           0.0026004,           0.0026004,           0.0026004
                 249,            0.024725,            0.021231,          0.00079675,             0.60285,             0.25408,            0.074786,            0.020997,            0.079904,            0.075985,            0.014462,           0.0025785,           0.0025785,           0.0025785
                 250,            0.024124,            0.021275,          0.00079493,             0.61049,             0.23585,            0.078129,            0.020861,            0.079736,            0.076394,            0.014566,            0.002557,            0.002557,            0.002557
                 251,            0.023979,            0.021276,          0.00079589,             0.61021,             0.26415,            0.082206,            0.021164,            0.079588,            0.076258,            0.014661,           0.0025359,           0.0025359,           0.0025359
                 252,            0.023892,             0.02128,          0.00079612,              0.6031,             0.25472,            0.076049,            0.020334,            0.079958,            0.076498,            0.014973,           0.0025151,           0.0025151,           0.0025151
                 253,            0.023676,            0.021289,          0.00079089,               0.606,             0.26415,            0.078533,            0.019196,            0.079898,            0.076689,            0.014899,           0.0024948,           0.0024948,           0.0024948
                 254,            0.023631,            0.021298,          0.00078908,             0.60625,             0.27358,            0.080227,            0.021579,            0.080096,            0.076756,             0.01491,           0.0024748,           0.0024748,           0.0024748
                 255,            0.023646,            0.021295,          0.00078515,             0.60445,             0.26405,            0.072336,            0.020507,            0.080093,            0.077024,            0.014904,           0.0024552,           0.0024552,           0.0024552
                 256,            0.023655,            0.021302,          0.00077981,             0.60791,             0.27263,            0.077318,            0.020816,            0.080114,             0.07689,            0.014961,            0.002436,            0.002436,            0.002436
                 257,            0.023471,            0.021309,           0.0007756,              0.6046,             0.25472,            0.073938,            0.019798,            0.080298,            0.076858,            0.015138,           0.0024172,           0.0024172,           0.0024172
                 258,            0.023921,            0.021277,          0.00077098,             0.61154,             0.23585,            0.075797,            0.018263,            0.080369,            0.076687,            0.015386,           0.0023987,           0.0023987,           0.0023987
                 259,            0.023683,            0.021294,          0.00076739,             0.60618,             0.22642,            0.070906,            0.018592,            0.080456,            0.076628,            0.015345,           0.0023807,           0.0023807,           0.0023807
                 260,            0.023675,            0.021296,          0.00076622,              0.6061,             0.22642,            0.072091,            0.018322,            0.080576,            0.076453,            0.015306,           0.0023631,           0.0023631,           0.0023631
                 261,             0.02379,            0.021287,          0.00076731,             0.60805,             0.22642,            0.070903,             0.01947,            0.080345,            0.076062,            0.015139,           0.0023458,           0.0023458,           0.0023458
                 262,            0.023411,            0.021312,          0.00076407,             0.61178,             0.22642,            0.077155,            0.020708,            0.080192,             0.07612,            0.014768,            0.002329,            0.002329,            0.002329
                 263,            0.023181,            0.021324,          0.00075972,             0.61139,             0.25472,            0.079794,            0.020386,            0.079996,            0.076277,            0.014504,           0.0023125,           0.0023125,           0.0023125
                 264,            0.023462,            0.021299,          0.00075653,             0.61194,             0.22588,            0.074362,            0.019252,            0.079949,            0.076447,             0.01407,           0.0022965,           0.0022965,           0.0022965
                 265,            0.023136,            0.021327,          0.00075567,             0.61382,             0.24528,            0.080397,            0.020965,            0.079704,            0.076828,            0.013979,           0.0022809,           0.0022809,           0.0022809
                 266,            0.023224,            0.021316,          0.00075341,              0.6135,             0.23549,            0.077628,            0.021473,            0.079567,            0.076944,            0.013957,           0.0022657,           0.0022657,           0.0022657
                 267,            0.023665,            0.021276,          0.00075296,              0.6132,             0.22641,            0.075819,            0.022199,            0.079791,             0.07685,            0.013968,           0.0022509,           0.0022509,           0.0022509
                 268,            0.023421,            0.021297,          0.00075401,             0.60979,             0.23585,            0.080742,            0.023223,            0.079664,            0.076938,            0.014087,           0.0022365,           0.0022365,           0.0022365
                 269,             0.02344,            0.021292,          0.00075333,             0.60858,             0.23585,            0.078865,            0.022654,            0.079679,            0.076866,            0.014237,           0.0022225,           0.0022225,           0.0022225
                 270,            0.023665,            0.021277,          0.00075363,             0.60294,             0.26415,            0.081948,            0.023551,            0.079867,            0.076859,            0.014474,           0.0022089,           0.0022089,           0.0022089
                 271,            0.023279,            0.021304,           0.0007534,             0.61346,             0.23585,            0.087778,            0.025359,            0.079977,            0.076867,             0.01465,           0.0021958,           0.0021958,           0.0021958
                 272,            0.023217,            0.021307,          0.00075162,             0.60906,             0.22634,            0.081266,            0.024097,            0.080066,            0.076986,            0.014937,            0.002183,            0.002183,            0.002183
                 273,            0.023377,            0.021292,          0.00075053,             0.60431,             0.22642,            0.073538,             0.02093,            0.080112,            0.077238,            0.015316,           0.0021707,           0.0021707,           0.0021707
                 274,            0.023067,            0.021316,          0.00074731,             0.59904,             0.26415,            0.076978,            0.020472,            0.080161,            0.077276,             0.01519,           0.0021588,           0.0021588,           0.0021588
                 275,            0.022879,            0.021327,          0.00074504,             0.60576,             0.22642,            0.076359,            0.020548,            0.080126,            0.077405,             0.01521,           0.0021473,           0.0021473,           0.0021473
                 276,            0.023086,            0.021303,          0.00074429,             0.61046,             0.23585,            0.081288,            0.020649,            0.080043,            0.077434,            0.015302,           0.0021363,           0.0021363,           0.0021363
                 277,            0.023001,            0.021314,          0.00074274,             0.61252,             0.23585,            0.079726,            0.019654,            0.080059,            0.077508,            0.015203,           0.0021257,           0.0021257,           0.0021257
                 278,            0.022749,            0.021319,          0.00074162,             0.60383,             0.25472,            0.077734,            0.020255,            0.080129,              0.0772,            0.015012,           0.0021155,           0.0021155,           0.0021155
                 279,            0.022854,            0.021311,          0.00073869,             0.60981,             0.22567,            0.076359,            0.019579,            0.080261,            0.076984,            0.014685,           0.0021057,           0.0021057,           0.0021057
                 280,            0.022841,            0.021314,           0.0007372,             0.61341,             0.23585,            0.080573,            0.021148,            0.080065,             0.07706,            0.014321,           0.0020963,           0.0020963,           0.0020963
                 281,            0.022667,            0.021321,          0.00073568,             0.61239,             0.23585,            0.079524,            0.020469,            0.080052,            0.077123,            0.014229,           0.0020874,           0.0020874,           0.0020874
                 282,            0.022832,            0.021303,           0.0007352,             0.61015,             0.24528,            0.080962,            0.021299,            0.080111,            0.076983,            0.014042,           0.0020789,           0.0020789,           0.0020789
                 283,            0.022657,            0.021317,          0.00073474,             0.61504,             0.24528,            0.083773,            0.022001,            0.080155,            0.076873,            0.014116,           0.0020709,           0.0020709,           0.0020709
                 284,            0.022755,            0.021314,          0.00073395,             0.61982,             0.24382,            0.084901,             0.02245,             0.08011,            0.076797,            0.014167,           0.0020632,           0.0020632,           0.0020632
                 285,            0.023088,            0.021287,          0.00073419,             0.61303,             0.23585,            0.081874,             0.02217,             0.08006,             0.07689,            0.014161,            0.002056,            0.002056,            0.002056
                 286,            0.022904,            0.021304,          0.00073658,             0.61344,             0.23585,             0.08076,            0.022625,            0.080084,            0.076883,            0.014358,           0.0020492,           0.0020492,           0.0020492
                 287,            0.023087,            0.021288,          0.00073713,             0.60706,             0.22619,            0.074278,            0.021887,            0.079926,            0.077123,             0.01459,           0.0020429,           0.0020429,           0.0020429
                 288,            0.023152,            0.021287,           0.0007377,             0.61351,             0.23552,            0.078068,            0.022275,            0.079921,            0.077268,            0.014916,            0.002037,            0.002037,            0.002037
                 289,            0.022921,            0.021304,          0.00073685,             0.60194,             0.27358,            0.076666,            0.022585,            0.079979,            0.077391,            0.015078,           0.0020315,           0.0020315,           0.0020315
                 290,            0.022762,            0.021313,          0.00073401,             0.60486,             0.27358,            0.078551,            0.021964,             0.07986,            0.077558,            0.015097,           0.0020265,           0.0020265,           0.0020265
                 291,            0.022966,            0.021295,          0.00073225,             0.59998,             0.27358,            0.077546,            0.021044,            0.079955,            0.077802,             0.01519,           0.0020219,           0.0020219,           0.0020219
                 292,            0.022686,            0.021315,          0.00073158,             0.61241,             0.23585,            0.079996,            0.021687,            0.079769,            0.078076,            0.015214,           0.0020178,           0.0020178,           0.0020178
                 293,            0.022643,            0.021314,          0.00073014,             0.61151,             0.23585,            0.079845,            0.021277,            0.079706,            0.078059,            0.015028,            0.002014,            0.002014,            0.002014
                 294,            0.022826,            0.021296,          0.00072954,             0.61385,              0.2253,            0.080862,            0.022132,             0.07974,            0.078015,            0.014928,           0.0020107,           0.0020107,           0.0020107
                 295,            0.022805,            0.021298,          0.00072882,             0.61246,             0.23585,            0.080162,            0.022749,             0.07953,            0.078092,            0.014811,           0.0020079,           0.0020079,           0.0020079
                 296,            0.022765,            0.021302,          0.00073077,             0.61417,             0.22642,            0.078611,             0.02301,            0.079567,            0.078038,            0.014905,           0.0020055,           0.0020055,           0.0020055
                 297,             0.02297,            0.021288,          0.00073068,             0.61156,             0.23585,            0.078719,            0.022026,            0.079508,            0.078098,            0.014819,           0.0020035,           0.0020035,           0.0020035
                 298,            0.022986,            0.021292,          0.00073292,             0.61251,             0.23585,            0.079499,            0.022101,            0.079468,            0.078053,            0.014695,            0.002002,            0.002002,            0.002002
                 299,            0.022728,              0.0213,          0.00073271,             0.61715,             0.21698,            0.079502,            0.021133,             0.07954,            0.078076,            0.014778,           0.0020009,           0.0020009,           0.0020009
